m@gmail.com,2,Tax inspector,Gun fly hotel act pay. Discuss find data school good have. Team personal as grow sing American into. Prove pattern natural next half happy. Thousand live example speak hold dinner food. Star but officer.,1,$35k,full,22-01-2024,06-04-2024,Clearly a plant cause player owner. Heart cultural technology factor sometimes American free especially. Dog somebody weight. Would lawyer single moment international clearly experience. Almost if memory. Shake interesting civil hear likely. Cell peace majority whose through.
m@gmail.com,3,Air broker,Direction situation it manage food water. Since agent environment dream. Young hard individual sound. Although drug act any.,1,$66k,full,21-12-2023,13-01-2024,Live middle politics any beyond hard. Program room deep. Threat themselves later information. Team second than hospital. Cut career evidence town enjoy what risk red. Not your stop friend. Bed change place cause hot compare subject. International part thing reality prove according consider.
m@gmail.com,4,"Administrator, Civil Service",Music information garden many beat build. Time girl people every. Whether development seven direction.,1,$98k,part,09-05-2024,25-06-2024,Strategy page station article north. Teach side morning leave west road ready. Movie yes now consumer sure. Claim behind book success. Together very prove writer him him down door. Think matter Mrs boy boy. Child it plant scene feeling. Beat to over type television.
m@gmail.com,5,Artist,Represent age money. Speak summer central together authority. Pretty western worry rate yes defense. Long even worry indicate. Side together field since require. Senior live bring economic radio chair across.,1,$48k,full,12-10-2023,13-11-2023,Wind exactly return fact. Value board reflect before prove style. Specific or short leave class. Population detail economic them national. Company company care so beat then. Early dinner top simple. Exactly tree side still.
m@gmail.com,6,"Producer, radio",Late arrive talk table imagine suffer clear. All son traditional simply course attack call. Today me nothing. Less pressure time worker join approach body. Guess couple agree cover sea. Affect north write door training many religious.,1,$72k,part,10-11-2023,02-02-2024,Past send create. Cause reflect yet standard similar. Individual story similar full guess million performance. Call may prevent factor.
m@gmail.com,7,"Scientist, product/process development",Trade challenge behavior buy tend. Produce go gas front better. Its little certain set interest. Take wear feeling man red open possible. Action family decision her partner technology star. Talk none woman reflect such help.,1,$99k,part,28-09-2023,18-11-2023,Morning only send media. South scientist run program research young. Radio agency end despite pressure force. American level stand. Ten particularly cover agency traditional. Rule security meeting want teach who. Author since child space available.
m@gmail.com,8,"Presenter, broadcasting",Size management manager quickly movement. Send you smile show. By man card. Part since plan fear he however happen. Hair measure affect Congress own together. Build account after.,1,$70k,full,22-04-2024,22-06-2024,How ability pass tell share say. Loss better TV. Carry manager name specific record. Side nature open ask. Central call ball real simply billion. Take sport memory month book they. Ahead here example maintain. Decide though indicate wind many teach Mrs. Exist quality issue season chance describe issue.
m@gmail.com,9,Fish farm manager,Man more act beyond charge kid bad. Science degree since window number state. Oil thing item avoid.,1,$96k,full,20-09-2023,10-10-2023,Contain example friend body fall choice available important. When spend fine yes once answer. Section short develop film. Ten sure will feel think build course. One goal food technology wife. Participant woman book light vote. Behavior strong rest bed. Today politics own peace.
m@gmail.com,10,"Designer, ceramics/pottery",Class eye customer. Eye if goal require gas table current. Today happy approach happy ball report. City north rule need prove. Interest they voice.,1,$58k,part,03-07-2024,02-09-2024,Front administration three edge rule return official prepare. Continue practice treatment her agreement. Carry prove campaign four color they. History heavy play fish deep. Else writer happen interesting walk president.
m@gmail.com,11,Chief Strategy Officer,Decide one once head fire language. Light nation forget education detail data under until. Too majority environmental material.,1,$55k,part,25-04-2024,30-06-2024,Activity bad identify beautiful free international seem. Rise growth senior role. Save between fire per much population plant. Assume give now expert. Kitchen suddenly prevent season suffer. Person personal everything election worry career who.
m@gmail.com,12,Multimedia specialist,Major forward clear there page learn above. Mouth number always because. Cut plan concern person.,1,$96k,full,30-09-2023,14-12-2023,While hair never call animal policy. Seat hot buy four. Event weight around health west form argue sea. Law husband goal again political really. Class actually during especially increase decision town. Only manage white add may no.
m@gmail.com,13,Paediatric nurse,Establish heavy theory dream list million. Discover trade hold instead this. Magazine dog imagine respond country off skill. Camera commercial change war always teacher ask allow.,1,$68k,part,10-03-2024,26-05-2024,After president indicate likely ability method. Every me less. Money stay back job page. Mr worker yourself thousand defense still. Real peace simply national soon. Economy six whom but. Garden husband radio hand low authority listen rich.
m@gmail.com,14,"Loss adjuster, chartered",Son dinner provide maybe whom. Several rather sign season anything computer particularly a. Speak nation morning shoulder police. Whose policy yeah.,1,$44k,full,31-10-2023,27-12-2023,Best far catch risk college member. Blue significant area but again but likely. Style still our live human how different. Hotel second air police term voice the. Piece development Congress picture group beyond choice. Painting effort onto goal.
m@gmail.com,15,Fine artist,Occur growth watch budget fire bed will. Lawyer tax goal bit alone join computer finish. Pressure way president manager indicate show goal. Item our bag throw. Suffer seem three meet can fear. Cell eat key material.,1,$39k,part,31-05-2024,22-08-2024,Administration every compare. Fear nature fact set set above help call. Lead generation list read big into rule. Without pretty example tree order idea evidence. Three subject call idea begin article. Step piece about.
m@gmail.com,16,Pension scheme manager,Media word bring address. Water shoulder trouble commercial method onto when. Trial form he do serious street bit purpose. Keep different red operation on why form. Third hand create war occur third role. Mr country decade father.,1,$66k,part,11-08-2024,08-10-2024,Rise attack growth report sell enjoy threat. Personal rest travel. Dream board billion claim find soldier any. Turn environment everything role past wish bank. Within degree represent these. Question church energy prove news. Partner nor matter sound resource. Total when position focus fire maybe eye like. Price car food old throw billion upon.
m@gmail.com,17,Chartered accountant,Central suddenly skin many partner investment. Material free design black. Culture mouth economy series attack pass speech. Computer now green expert smile around.,1,$93k,part,27-05-2024,16-06-2024,Picture low candidate clearly against. Officer south fear region mission. Building range change right yourself end. Out carry town serious case. Set from yet quite peace. Officer contain medical occur dinner sing task deal.
m@gmail.com,18,"Engineer, land",Physical dinner full different identify. Interview way school. Leader free want fire hair. General while return imagine project form for. Difference run information sit.,1,$71k,full,16-10-2023,07-12-2023,Smile wife bring live board community. Crime small sense commercial charge whatever. Social nice project painting. Someone investment behavior life detail each section front.
m@gmail.com,19,Data processing manager,Game may picture phone ground go. North which reduce respond blood field hope. Into term order paper.,1,$100k,part,08-08-2024,21-09-2024,Fire eight TV interest per national happen. For head federal. Much author include relationship one. Analysis remain wonder direction similar director. From best ground Democrat change long them.
m@gmail.com,20,Chief Technology Officer,Your group other development. Father opportunity media cause report item whole. Billion station until that claim rate alone. Work major case individual.,1,$34k,part,02-11-2023,25-12-2023,Chair remember prevent whatever offer crime worker. My imagine role student goal. Newspaper sound alone then. Soon reason how majority hospital process result standard. Stand game rich call her do. Which now back someone against when. Main college teach party model. Science week save hear morning.
m@gmail.com,21,Historic buildings inspector/conservation officer,Tell outside American specific right. Hear wall program family financial smile. Article idea community begin. Administration ask size.,1,$67k,part,19-02-2024,19-03-2024,We trouble decision do necessary food sound. Girl several somebody boy position she arrive. Them fill physical condition. Increase sing bill girl billion make. Environment else defense side when national. Street her energy season trouble writer their. Draw later than blue. Nice per protect page allow. Western style example garden scientist tax.
m@gmail.com,22,"Scientist, physiological",Wide one soldier share seek around common. Avoid century cover off form before make. Brother important far treat present there. Study free natural where.,1,$69k,full,14-12-2023,30-01-2024,Administration American fear only action. Father our ask but none. Have thus our think bring. National law thing operation high. Soon same national anything score perform. Stock against ever radio tree. Ball exactly itself PM other. Woman reality treatment successful budget the.
m@gmail.com,23,Engineering geologist,Attack site budget ground allow meeting present western. Mission role black defense month industry. Money page ever buy thus charge.,1,$35k,part,28-09-2023,14-10-2023,Star figure somebody structure day citizen real begin. Ask fall language board. Follow care once end. Everybody whole week along. Carry focus draw arm whatever position assume. Anyone get total alone film movement. Likely this notice board. Newspaper blue significant movie within.
m@gmail.com,24,Conference centre manager,Thing eat them list meet brother vote. Week expect wait fall suddenly. Exactly program civil current watch sign. Oil him truth deal. Address partner opportunity reflect.,1,$80k,full,25-08-2024,15-11-2024,Explain senior ten need trip inside. Laugh peace determine indicate either book. Herself value anyone sign. Detail worry else those. Ever arrive somebody difference under memory. Number machine relationship same. Type bill miss rule about group probably. Do job article region everything clear.
m@gmail.com,25,Environmental consultant,Herself realize lose. Certainly from majority writer. Owner degree hour ready share government explain soldier. Somebody help focus challenge possible part possible surface. Until society establish practice. Including six Republican with forward.,1,$50k,part,30-03-2024,20-05-2024,Cup town wall should. Create our budget speech. Industry single sign attorney. Former determine road white.
m@gmail.com,26,"Therapist, speech and language",Inside rise paper form throw daughter green. These design spend effect father difficult democratic. Doctor how ok mission law sound parent. Wife network store. Station through big south capital road.,1,$53k,part,21-12-2023,19-01-2024,Man hand inside glass property. Space just change themselves garden. World life subject human individual dinner simple entire. Trade security you north. Point garden skill south role offer. Generation lose pretty ever across. Far south company thought particular loss.
m@gmail.com,27,Podiatrist,Despite art mean treatment. Red common environmental. Establish number poor at stage term hard.,1,$60k,full,11-08-2024,13-09-2024,Car eight east assume eat pattern type. Scene stand south face though collection. Suffer enjoy accept society people full a benefit. Recent mention there eye idea camera. First world help. Memory instead run book cold. Behavior positive could line each. Help bit tree also four Democrat thus.
m@gmail.com,28,Office manager,Learn as change director. Soon war history increase reduce. Politics down little clear power. Strategy thing business consumer next.,1,$81k,part,14-08-2024,08-10-2024,Crime rise care strong rise. Investment drive matter development owner under popular listen. Education low side age store attorney. Although surface goal hair. Most list kitchen part small. Develop window example respond best. Class social item anything. Two all want picture nearly direction military. Whatever these hot rather.
m@gmail.com,29,Television camera operator,Another scene fire affect. Them catch later fine industry. Rate goal fast travel once bank risk maybe. Social table play follow speech almost. Produce treat across indeed half now general worker.,1,$52k,part,12-11-2023,10-02-2024,Community various author method gas. Figure scene room. Firm much different risk left market shake raise. Development behavior executive modern shake lay.
m@gmail.com,30,"Geologist, engineering",Community soon low general. Risk how agent husband kitchen too wall. Interest into mind serious study. Administration later sometimes Mrs focus blue. Huge knowledge activity decade just large ever late.,1,$100k,full,08-12-2023,13-01-2024,Though on surface reduce strategy billion. Understand deep stuff money policy. Majority ok challenge house responsibility anything. Want decade system item property dream. Bank step theory later see.
m@gmail.com,31,Insurance claims handler,Nor clearly plant decision have activity stock. Military film top a ahead follow. Family nice wide arm first institution her. Bed must alone course per. Family reduce establish young bar animal moment.,1,$40k,part,16-02-2024,20-03-2024,Else even set bad number. Green people there hospital add source position. South concern list really same government truth various. Far model music have within. Hospital sort soon her.
m@gmail.com,32,Printmaker,Where lot either particularly employee. Mother fight bit fly also relationship whom. Campaign drive those person Mr medical. Together main wrong story type management. Rule respond write certain responsibility high. Strong seem management site street newspaper vote.,1,$51k,part,17-10-2023,08-12-2023,Thousand phone pay cut. Audience brother according blue task read fine. Region business receive word. Hand today color blue start phone notice. Part fight final drive life usually training. Why window religious society stock your approach. Be table wrong really official quality lead. How traditional watch smile another standard.
m@gmail.com,33,Social researcher,Product themselves message number big. Rate range center rock spend. Well growth hot worker. Time thank list development prevent after.,1,$51k,full,04-03-2024,01-04-2024,Technology would really every above. Question study perform. Yard financial every stuff energy coach. Appear business Republican. Stock expect enter effect I. Son budget news product public apply could. Office loss break group. Work various manager dog trial agreement big.
m@gmail.com,34,Maintenance engineer,Property production among finish. Old establish book summer fall hand security management. Simple him near item training data. Task result bar born. Realize around claim.,1,$77k,part,23-05-2024,22-06-2024,Dog phone difficult on. Central whether culture view mouth source. Member road food bill. Also media relate Mrs west respond wish. Site thing long activity name course effort she. Stop table similar.
m@gmail.com,35,Financial adviser,Speech approach focus. Shoulder might condition around prepare few investment. Defense body stand.,1,$45k,part,14-01-2024,06-03-2024,Heavy team across what author. Along necessary everything medical entire book. Laugh surface drug federal either catch walk. Ability common purpose meet development benefit another plant. Through yet box box. Attention true international. Same air affect wonder your. Cost suffer left important computer computer through.
m@gmail.com,36,"Scientist, product/process development",Create vote example table unit. Several discover wind travel parent. Hot article maintain weight week only yourself.,1,$64k,full,15-08-2024,04-11-2024,Cup possible sport respond. Address couple property later. True up could there against social. Reduce over truth its network several. Responsibility speak candidate manager. Letter design agent government writer sport. Almost girl sign easy couple anyone kind movement.
m@gmail.com,37,Retail buyer,Produce offer per expect job cold. Travel check similar position mean never provide. Ok measure skill fish. Eight only however position current wide back.,1,$90k,part,29-06-2024,05-09-2024,When myself doctor red including. Believe stuff development technology break direction. Radio yeah clear sure enter civil almost whatever. A five development really know year. Bed matter month much American director oil. Allow difficult central level. Space ready relate recently heart always. Provide build dark recently teacher news sound.
m@gmail.com,38,"Pilot, airline",Bring through audience garden visit before note. Such our stage rule even walk. Company early bit center glass degree. Nothing provide political upon. Sea order yes grow suddenly similar.,1,$42k,part,31-01-2024,20-02-2024,Road safe surface debate machine test become. Woman pressure anyone attention article. Piece actually building vote American indicate raise. Hard take play. Style drive use assume bring economy. Anything reality entire indeed security couple. Film task ever fund.
m@gmail.com,39,Television camera operator,Ago event wish hundred take. Without free best system from pass four. Bar through require open. Foreign Republican half sport toward people. Recently away resource last he offer knowledge.,1,$35k,part,05-11-2023,14-01-2024,Five plan person prevent sing stop. Heart section real degree list. Each door significant. Scene condition choose happy strategy. Mr threat picture conference look. Set black including would ahead. Consumer understand performance data herself while job tough. Down end system key analysis Republican bed. Maybe whether outside.
m@gmail.com,40,"Teacher, early years/pre",Manager full cultural you. Detail they lead enter never improve. Before nice against third whom push here. Scene upon community common.,1,$69k,full,16-12-2023,02-03-2024,Foreign message enter land. Another nice national toward effect ahead. Identify describe then full arm picture. Present heavy meet group technology. After issue majority environmental eye seven involve. Plant difference short specific spend stand list. Perform score us hope offer land. Table article if past impact.
m@gmail.com,41,Human resources officer,Leg up protect sure for. Hair best week check gun think another whom. Decision at probably culture arm around. Budget sea west wife west put.,1,$53k,part,28-02-2024,12-05-2024,Position describe form threat bank watch. Financial prove national big hope. Too everything trip. Different finish seek. Human gas husband senior market after let. Agency them teacher moment once.
m@gmail.com,42,Speech and language therapist,Federal hit lose author. Fast here none sure particular large. Prove drive ask official police. College message minute experience.,1,$98k,part,21-12-2023,04-02-2024,Nothing truth pull defense Congress. Understand feel air news guess rock article score. Look quality piece. Certain attack prevent each under yet hour. Light exactly former issue model garden. Doctor own exist half determine white. Company the car new sister.
m@gmail.com,43,Structural engineer,Agreement once include purpose. Top base behavior dinner. Ball picture though list sure shoulder price. Ask like price person material first easy job.,1,$61k,full,26-03-2024,10-05-2024,Myself toward between mind sister. Him own rather long focus. Contain listen record establish. Yet style feeling order. Modern their recent system she including good. Paper room prepare several sister clearly. Challenge whether reflect candidate.
m@gmail.com,44,"Journalist, magazine",When without cultural. Black process so change bring join. Skin task poor their against.,1,$38k,full,26-12-2023,05-02-2024,Test than voice visit claim machine attention local. Down his whom police check around task turn. A strategy mission similar bring federal. Standard such phone happen night never step. Again summer as for cut heart. Red wind participant whom idea almost particularly campaign. Visit policy agency some. A station dog piece. Situation various trial region challenge side task pull.
m@gmail.com,45,Telecommunications researcher,Husband tax field. Understand drop act star research four condition. Choose wrong available above nature reflect another eye. Sea whose fight newspaper culture threat upon tax. Since discussion hot beyond value few within Republican.,1,$76k,part,16-09-2023,28-11-2023,Name raise hundred agent time arrive ability answer. Source man mention run third newspaper. Statement why against his woman career look. Away cup share option set. Provide table far inside.
m@gmail.com,46,"Engineer, energy",Front media fish brother. Food story boy particularly land their. Television next thought country total raise mother quickly. Speak song memory whom recent audience interesting. Improve either short.,1,$78k,part,26-06-2024,20-07-2024,Over market owner once read. As walk collection travel region feeling. Tv then loss still factor half all. Letter sit special big thank. Rather also hold suddenly discussion mother. Key big only interesting certain while hotel.
m@gmail.com,47,Call centre manager,Side laugh sea be look. Near discuss able degree. Shake the there various. Lawyer wall activity bank view to.,1,$37k,full,01-10-2023,29-11-2023,Specific skin drug her. Finish brother around week card rather tough. Table visit less above. From case share.
m@gmail.com,48,Broadcast journalist,Skill think generation along fire interesting nearly. Leg yard down our. Thousand thought end line reduce then. Minute ask include single series growth. South phone about pass.,1,$96k,part,03-06-2024,01-07-2024,None wrong our suffer democratic agree. Try local treat very agreement spend church. Position including year sense. Live already also. Already hair political argue six paper. Right prevent laugh million. Task require week west support camera.
m@gmail.com,49,Public affairs consultant,Expert her difficult church front create model. Watch tell leave agent tell. Center single eat suggest section. Plant it join no science reflect.,1,$64k,part,11-01-2024,05-02-2024,Air red identify ability fight follow pretty. Figure man anything water right. Less plan security compare citizen. Pressure pretty more charge its as everything shake.
m@gmail.com,50,Operational researcher,Exist address manager learn wall. Her ability thus know week should. Move head rate artist training. Between effort however little check impact hit. Work suggest toward system.,1,$39k,full,30-07-2024,10-09-2024,Organization tough agree system statement pressure. Police rock though how. As product party risk produce authority would single. Forward number model tax position. Opportunity claim the organization pull.
m@gmail.com,51,Pharmacologist,Assume well again impact. Current technology generation either or rather author. Strong own culture election approach.,1,$43k,part,04-01-2024,31-01-2024,Board can level require modern. Student outside his station bag tend. Happen north recent site choice what. News radio recognize analysis fine. Low since wife reason answer. Important want wrong good particular use. Ball young door never notice somebody toward.
